region,target,selected_model,selection_rationale,val_metrics,persistence_val_metrics,test_metrics,persistence_test_metrics
north,pm25_next_day_mean,catboost,"selected=catboost; beats persistence on val MAE+RMSE (MAE 2.30 vs 2.60, RMSE 2.79 vs 3.49); selection rank by (MAE asc, RMSE asc, R² desc).","{'mae': 2.30, 'rmse': 2.79, 'r2': 0.45, 'n': 65}","{'mae': 2.60, 'rmse': 3.49, 'r2': 0.13, 'n': 65}","{'mae': 2.30, 'rmse': 2.79, 'r2': 0.45, 'n': 65}","{'mae': 2.60, 'rmse': 3.49, 'r2': 0.13, 'n': 65}"
north,pm25_next_day_max,catboost,"selected=catboost; beats persistence on val MAE+RMSE (MAE 4.95 vs 6.13, RMSE 6.78 vs 9.08); selection rank by (MAE asc, RMSE asc, R² desc).","{'mae': 4.95, 'rmse': 6.78, 'r2': 0.28, 'n': 65}","{'mae': 6.13, 'rmse': 9.08, 'r2': -0.29, 'n': 65}","{'mae': 4.95, 'rmse': 6.78, 'r2': 0.28, 'n': 65}","{'mae': 6.13, 'rmse': 9.08, 'r2': -0.29, 'n': 65}"
south,pm25_next_day_mean,catboost,"selected=catboost; beats persistence on val MAE+RMSE (MAE 2.40 vs 3.07, RMSE 3.11 vs 4.30); selection rank by (MAE asc, RMSE asc, R² desc).","{'mae': 2.40, 'rmse': 3.11, 'r2': 0.59, 'n': 65}","{'mae': 3.07, 'rmse': 4.30, 'r2': 0.21, 'n': 65}","{'mae': 2.40, 'rmse': 3.11, 'r2': 0.59, 'n': 65}","{'mae': 3.07, 'rmse': 4.30, 'r2': 0.21, 'n': 65}"
south,pm25_next_day_max,catboost,"selected=catboost; beats persistence on val MAE+RMSE (MAE 5.33 vs 6.34, RMSE 6.74 vs 8.56); selection rank by (MAE asc, RMSE asc, R² desc).","{'mae': 5.33, 'rmse': 6.74, 'r2': 0.28, 'n': 65}","{'mae': 6.34, 'rmse': 8.56, 'r2': -0.16, 'n': 65}","{'mae': 5.33, 'rmse': 6.74, 'r2': 0.28, 'n': 65}","{'mae': 6.34, 'rmse': 8.56, 'r2': -0.16, 'n': 65}"
east,pm25_next_day_mean,catboost,"selected=catboost; beats persistence on val MAE+RMSE (MAE 2.77 vs 3.96, RMSE 3.95 vs 5.73); selection rank by (MAE asc, RMSE asc, R² desc).","{'mae': 2.77, 'rmse': 3.95, 'r2': 0.64, 'n': 65}","{'mae': 3.96, 'rmse': 5.73, 'r2': 0.24, 'n': 65}","{'mae': 2.77, 'rmse': 3.95, 'r2': 0.64, 'n': 65}","{'mae': 3.96, 'rmse': 5.73, 'r2': 0.24, 'n': 65}"
east,pm25_next_day_max,catboost,"selected=catboost; beats persistence on val MAE+RMSE (MAE 5.71 vs 6.93, RMSE 7.40 vs 9.45); selection rank by (MAE asc, RMSE asc, R² desc).","{'mae': 5.71, 'rmse': 7.40, 'r2': 0.47, 'n': 65}","{'mae': 6.93, 'rmse': 9.45, 'r2': 0.13, 'n': 65}","{'mae': 5.71, 'rmse': 7.40, 'r2': 0.47, 'n': 65}","{'mae': 6.93, 'rmse': 9.45, 'r2': 0.13, 'n': 65}"
west,pm25_next_day_mean,catboost,"selected=catboost; beats persistence on val MAE+RMSE (MAE 2.48 vs 3.27, RMSE 3.25 vs 4.51); selection rank by (MAE asc, RMSE asc, R² desc).","{'mae': 2.48, 'rmse': 3.25, 'r2': 0.59, 'n': 65}","{'mae': 3.27, 'rmse': 4.51, 'r2': 0.20, 'n': 65}","{'mae': 2.48, 'rmse': 3.25, 'r2': 0.59, 'n': 65}","{'mae': 3.27, 'rmse': 4.51, 'r2': 0.20, 'n': 65}"
west,pm25_next_day_max,catboost,"selected=catboost; beats persistence on val MAE+RMSE (MAE 5.91 vs 6.48, RMSE 7.66 vs 9.24); selection rank by (MAE asc, RMSE asc, R² desc).","{'mae': 5.91, 'rmse': 7.66, 'r2': 0.17, 'n': 65}","{'mae': 6.48, 'rmse': 9.24, 'r2': -0.20, 'n': 65}","{'mae': 5.91, 'rmse': 7.66, 'r2': 0.17, 'n': 65}","{'mae': 6.48, 'rmse': 9.24, 'r2': -0.20, 'n': 65}"
central,pm25_next_day_mean,catboost,"selected=catboost; beats persistence on val MAE+RMSE (MAE 2.97 vs 4.17, RMSE 4.05 vs 5.75); selection rank by (MAE asc, RMSE asc, R² desc).","{'mae': 2.97, 'rmse': 4.05, 'r2': 0.60, 'n': 65}","{'mae': 4.17, 'rmse': 5.75, 'r2': 0.19, 'n': 65}","{'mae': 2.97, 'rmse': 4.05, 'r2': 0.60, 'n': 65}","{'mae': 4.17, 'rmse': 5.75, 'r2': 0.19, 'n': 65}"
central,pm25_next_day_max,catboost,"selected=catboost; beats persistence on val MAE+RMSE (MAE 5.54 vs 7.27, RMSE 7.49 vs 9.96); selection rank by (MAE asc, RMSE asc, R² desc).","{'mae': 5.54, 'rmse': 7.49, 'r2': 0.38, 'n': 65}","{'mae': 7.27, 'rmse': 9.96, 'r2': -0.09, 'n': 65}","{'mae': 5.54, 'rmse': 7.49, 'r2': 0.38, 'n': 65}","{'mae': 7.27, 'rmse': 9.96, 'r2': -0.09, 'n': 65}"