model,region,target,mae,rmse,r2,train_time_sec,inference_time_sec,model_size_mb,n_params,val_mae,val_rmse,val_r2,test_mae,test_rmse,test_r2,beats_persistence,status
persistence,north,pm25_next_day_mean,2.595378787878788,3.493631019730075,0.13402443601677638,0.0,0.0,0.0,0,2.595378787878788,3.493631019730075,0.13402443601677638,2.595378787878788,3.493631019730075,0.13402443601677638,False,success
persistence,north,pm25_next_day_max,6.132727272727273,9.078746409259175,-0.2893374046357331,0.0,0.0,0.0,0,6.132727272727273,9.078746409259175,-0.2893374046357331,6.132727272727273,9.078746409259175,-0.2893374046357331,False,success
persistence,south,pm25_next_day_mean,3.065606060606061,4.299041912291198,0.20784913804774274,0.0,0.0,0.0,0,3.065606060606061,4.299041912291198,0.20784913804774274,3.065606060606061,4.299041912291198,0.20784913804774274,False,success
persistence,south,pm25_next_day_max,6.338181818181818,8.560161425835592,-0.1619517913272741,0.0,0.0,0.0,0,6.338181818181818,8.560161425835592,-0.1619517913272741,6.338181818181818,8.560161425835592,-0.1619517913272741,False,success
persistence,east,pm25_next_day_mean,3.9605303030303034,5.731720780538827,0.2368326555531901,0.0,0.0,0.0,0,3.9605303030303034,5.731720780538827,0.2368326555531901,3.9605303030303034,5.731720780538827,0.2368326555531901,False,success
persistence,east,pm25_next_day_max,6.925454545454546,9.448135939288381,0.13497160704354572,0.0,0.0,0.0,0,6.925454545454546,9.448135939288381,0.13497160704354572,6.925454545454546,9.448135939288381,0.13497160704354572,False,success
persistence,west,pm25_next_day_mean,3.268409090909091,4.514772679602468,0.20284505458825064,0.0,0.0,0.0,0,3.268409090909091,4.514772679602468,0.20284505458825064,3.268409090909091,4.514772679602468,0.20284505458825064,False,success
persistence,west,pm25_next_day_max,6.48,9.238457171470294,-0.20287942631753775,0.0,0.0,0.0,0,6.48,9.238457171470294,-0.20287942631753775,6.48,9.238457171470294,-0.20287942631753775,False,success
persistence,central,pm25_next_day_mean,4.167272727272727,5.747126532784743,0.18681169133889675,0.0,0.0,0.0,0,4.167272727272727,5.747126532784743,0.18681169133889675,4.167272727272727,5.747126532784743,0.18681169133889675,False,success
persistence,central,pm25_next_day_max,7.2690909090909095,9.957911427603682,-0.0882510865858348,0.0,0.0,0.0,0,7.2690909090909095,9.957911427603682,-0.0882510865858348,7.2690909090909095,9.957911427603682,-0.0882510865858348,False,success
random_forest,north,pm25_next_day_mean,2.2612953886693017,2.818753008766036,0.43627718378337477,0.6611917018890381,0.048691749572753906,35.97984600067139,13,2.535306195917608,3.054084403651943,0.44732584917197815,2.2612953886693017,2.818753008766036,0.43627718378337477,True,success
extra_trees,north,pm25_next_day_mean,2.3713627964426878,2.9267736214017708,0.3922431931948711,0.5022037029266357,0.05866575241088867,57.190463066101074,13,2.6474389665286395,3.1475900716264,0.41296578345841795,2.3713627964426878,2.9267736214017708,0.3922431931948711,True,success
xgboost,north,pm25_next_day_mean,2.3471436604586513,2.8917916794491725,0.4066846629422879,0.7844791412353516,0.012546300888061523,1.7254514694213867,9,2.723453390729296,3.2359737265363475,0.3795353319420737,2.3471436604586513,2.8917916794491725,0.4066846629422879,True,success
lightgbm,north,pm25_next_day_mean,2.4003211486936604,2.9511435482445383,0.3820800216868063,0.5820143222808838,0.012407302856445312,1.3454694747924805,19,2.6982523443461486,3.2505898339039687,0.37391769736990277,2.4003211486936604,2.9511435482445383,0.3820800216868063,True,success
catboost,north,pm25_next_day_mean,2.304863675529202,2.790480837653797,0.4475287835115349,1.1684224605560303,0.012007951736450195,0.535435676574707,5,2.533548249630346,3.0352971415845906,0.4541045077837802,2.304863675529202,2.790480837653797,0.4475287835115349,True,success
random_forest,north,pm25_next_day_max,5.098627272727272,6.861500879412741,0.2635333961226305,0.49032115936279297,0.04575228691101074,29.776415824890137,13,5.649917582417582,6.879140414905437,0.2211948885217906,5.098627272727272,6.861500879412741,0.2635333961226305,True,success
extra_trees,north,pm25_next_day_max,5.184772727272727,6.871855442838763,0.26130894282467076,0.4409465789794922,0.05915212631225586,49.584628105163574,13,6.1693498168498175,7.402233788803389,0.09825023076069095,5.184772727272727,6.871855442838763,0.26130894282467076,True,success
xgboost,north,pm25_next_day_max,5.451174640655518,7.2389895569718865,0.18027022264921488,0.5696163177490234,0.010753154754638672,1.6864500045776367,9,5.999449239109025,7.302180872487877,0.12246263621405107,5.451174640655518,7.2389895569718865,0.18027022264921488,True,success
lightgbm,north,pm25_next_day_max,5.3519775481719805,7.135190588067654,0.2036096896572267,0.673459529876709,0.010030269622802734,1.3376903533935547,19,5.694558680722654,6.95062237150839,0.2049254858846563,5.3519775481719805,7.135190588067654,0.2036096896572267,True,success
catboost,north,pm25_next_day_max,4.9510907543158735,6.7782897880197455,0.28128770350714616,0.9106314182281494,0.008522510528564453,0.543309211730957,5,5.503121356782855,6.695313684894224,0.2622617468486249,4.9510907543158735,6.7782897880197455,0.28128770350714616,True,success
random_forest,south,pm25_next_day_mean,2.4670442028985504,3.299962714087925,0.5332518486744853,0.5132648944854736,0.045407772064208984,35.9596586227417,13,2.3886421006529703,3.0777486580160582,0.20839815918671423,2.4670442028985504,3.299962714087925,0.5332518486744853,True,success
extra_trees,south,pm25_next_day_mean,2.4803705368906455,3.3733410301694433,0.512263746261221,0.4496326446533203,0.045046091079711914,57.16505718231201,13,2.429465032250358,3.11117369720179,0.19111084785188037,2.4803705368906455,3.3733410301694433,0.512263746261221,True,success
xgboost,south,pm25_next_day_mean,2.4488620500853564,3.2101899729245793,0.5583014144301778,0.5420444011688232,0.009555339813232422,1.6923589706420898,9,2.5423506866590153,3.2281199924967705,0.12915706415591177,2.4488620500853564,3.2101899729245793,0.5583014144301778,True,success
lightgbm,south,pm25_next_day_mean,2.493504158550358,3.3010564124524837,0.532942411066952,0.6042699813842773,0.013581037521362305,1.3441972732543945,19,2.5377927297040412,3.2100206883686204,0.13889490863383513,2.493504158550358,3.3010564124524837,0.532942411066952,True,success
catboost,south,pm25_next_day_mean,2.4047505384773387,3.106334278285141,0.5864186761573913,0.9013128280639648,0.00838017463684082,0.545414924621582,5,2.378113610111434,3.0222138233377676,0.23670772062016043,2.4047505384773387,3.106334278285141,0.5864186761573913,True,success
random_forest,south,pm25_next_day_max,5.542890909090909,7.110281633598694,0.19832598471772422,0.4715700149536133,0.04471778869628906,30.231112480163574,13,5.548049450549451,6.962316579416268,-0.09789490628467279,5.542890909090909,7.110281633598694,0.19832598471772422,True,success
extra_trees,south,pm25_next_day_max,5.670718181818182,7.2801783725650315,0.15955704529300774,0.4396684169769287,0.04735875129699707,50.234469413757324,13,5.667802197802198,7.145935312015949,-0.15656859963313408,5.670718181818182,7.2801783725650315,0.15955704529300774,True,success
xgboost,south,pm25_next_day_max,5.622301940917969,7.16150839705887,0.18673288514503428,0.5156981945037842,0.008101224899291992,1.7681188583374023,9,5.608727504045535,7.096684426542295,-0.1406810412840298,5.622301940917969,7.16150839705887,0.18673288514503428,True,success
lightgbm,south,pm25_next_day_max,5.711224109720879,7.305133400237652,0.15378542205438694,0.5090856552124023,0.010635852813720703,1.3351879119873047,19,5.483818021691957,6.9565545826852055,-0.09607842779796516,5.711224109720879,7.305133400237652,0.15378542205438694,True,success
catboost,south,pm25_next_day_max,5.3291025311509825,6.743688572041772,0.2788606189969217,0.8979859352111816,0.009055376052856445,0.5439958572387695,5,5.389818375390377,6.806978540351033,-0.04945059756516135,5.3291025311509825,6.743688572041772,0.2788606189969217,True,success
random_forest,east,pm25_next_day_mean,2.8306666831357044,3.9481008846830945,0.6379019295436525,0.5784122943878174,0.05985450744628906,36.01582622528076,13,2.708723970775601,3.5365100435009627,0.34218257702538823,2.8306666831357044,3.9481008846830945,0.6379019295436525,True,success
extra_trees,east,pm25_next_day_mean,2.8443248353096178,3.934013126560128,0.6404814223818329,0.5133469104766846,0.05728578567504883,57.244296073913574,13,2.750478678929766,3.5555975985317323,0.33506255722811684,2.8443248353096178,3.934013126560128,0.6404814223818329,True,success
xgboost,east,pm25_next_day_mean,3.0696663105126585,4.43643474139134,0.5427876818286697,0.8965599536895752,0.011290311813354492,1.6876935958862305,9,2.800024484103416,3.6080402623879855,0.3153031483830553,3.0696663105126585,4.43643474139134,0.5427876818286697,True,success
lightgbm,east,pm25_next_day_mean,3.013055223155588,4.295124035379587,0.5714503473361586,0.9064469337463379,0.010032176971435547,1.3447322845458984,19,2.838295478436884,3.682393126841482,0.2867925303879816,3.013055223155588,4.295124035379587,0.5714503473361586,True,success
catboost,east,pm25_next_day_mean,2.771562394178613,3.9472093601457225,0.6380654425217156,1.0463781356811523,0.009030580520629883,0.5435762405395508,5,2.7046545172702863,3.5368393596110264,0.3420600607828922,2.771562394178613,3.9472093601457225,0.6380654425217156,True,success
random_forest,east,pm25_next_day_max,5.92869090909091,7.722008776571971,0.4221718734488481,0.4963493347167969,0.05010795593261719,29.8754301071167,13,5.578305860805861,6.9892610095565155,0.14707714046747633,5.92869090909091,7.722008776571971,0.4221718734488481,True,success
extra_trees,east,pm25_next_day_max,5.794772727272727,7.408715895975005,0.46810736315803314,0.4550657272338867,0.055362701416015625,49.648898124694824,13,5.563186813186813,6.978136663921558,0.14979006184744414,5.794772727272727,7.408715895975005,0.46810736315803314,True,success
xgboost,east,pm25_next_day_max,6.372483345378529,8.260772266884059,0.3387291243782604,0.5343530178070068,0.010402917861938477,1.716536521911621,9,5.712024073897701,7.260909015166166,0.07948848567901112,6.372483345378529,8.260772266884059,0.3387291243782604,True,success
lightgbm,east,pm25_next_day_max,6.32556346633182,8.16679640260986,0.3536889908069265,0.601914644241333,0.011441469192504883,1.3365507125854492,19,5.7258623948398295,7.212096294770583,0.09182348044006716,6.32556346633182,8.16679640260986,0.3536889908069265,True,success
catboost,east,pm25_next_day_max,5.708049288084845,7.396237652854226,0.46989755093773866,0.9066810607910156,0.007515907287597656,0.543248176574707,5,5.370115817258257,6.852621582007293,0.18010028542159273,5.708049288084845,7.396237652854226,0.46989755093773866,True,success
random_forest,west,pm25_next_day_mean,2.4906140151515146,3.3043929635662113,0.5729739733496464,0.495058536529541,0.04743051528930664,35.93562602996826,13,2.3878428757233108,2.9881226194489443,0.3180768890215806,2.4906140151515146,3.3043929635662113,0.5729739733496464,True,success
extra_trees,west,pm25_next_day_mean,2.4613843214756255,3.2593555011483293,0.5845350108667107,0.47268128395080566,0.05608701705932617,57.154208183288574,13,2.375835440224027,2.9394118404821823,0.34012836895223697,2.4613843214756255,3.2593555011483293,0.5845350108667107,True,success
xgboost,west,pm25_next_day_mean,2.608896562113906,3.439450865433691,0.5373535996618224,0.5492544174194336,0.007509469985961914,1.6908016204833984,9,2.483099491168291,3.0709615515193533,0.2797432493429701,2.608896562113906,3.439450865433691,0.5373535996618224,True,success
lightgbm,west,pm25_next_day_mean,2.742422488911621,3.6235399437603673,0.4865039889363115,0.6063756942749023,0.012595176696777344,1.3445205688476562,19,2.543849817170223,3.1888070903248478,0.22340413600528575,2.742422488911621,3.6235399437603673,0.4865039889363115,True,success
catboost,west,pm25_next_day_mean,2.4783577012508116,3.25432338988855,0.5858168913869163,0.9249081611633301,0.007996320724487305,0.541172981262207,5,2.3118784044017056,2.8646006672727866,0.3732898092087983,2.4783577012508116,3.25432338988855,0.5858168913869163,True,success
random_forest,west,pm25_next_day_max,5.983081818181819,7.621482875876107,0.18134267197770937,0.5049114227294922,0.04775404930114746,30.092135429382324,13,5.8811263736263735,7.205480238473559,0.02847491881344366,5.983081818181819,7.621482875876107,0.18134267197770937,True,success
extra_trees,west,pm25_next_day_max,5.939918181818181,7.58665914915482,0.18880672306033164,0.45859742164611816,0.0436248779296875,50.09508037567139,13,5.902161172161172,7.165475401460655,0.03923278921900508,5.939918181818181,7.58665914915482,0.18880672306033164,True,success
xgboost,west,pm25_next_day_max,6.167699170546098,8.00584947468219,0.09668746292107977,0.5199859142303467,0.00811314582824707,1.7099971771240234,9,6.100437814062769,7.724709340054821,-0.11658669411779465,6.167699170546098,8.00584947468219,0.09668746292107977,True,success
lightgbm,west,pm25_next_day_max,6.4601282074072754,8.491382393046171,-0.016201882660805467,0.5655131340026855,0.01072239875793457,1.336440086364746,19,6.191532367585064,7.598814942852368,-0.08048785651194668,6.4601282074072754,8.491382393046171,-0.016201882660805467,True,success
catboost,west,pm25_next_day_max,5.914307358792912,7.659935767855889,0.17306104092217434,0.889580249786377,0.007259368896484375,0.5368776321411133,5,5.764599638164074,7.032167488588787,0.07464885628113349,5.914307358792912,7.659935767855889,0.17306104092217434,True,success
random_forest,central,pm25_next_day_mean,2.906521953227932,3.9255442298980605,0.6206069611316174,0.5049855709075928,0.04572558403015137,36.00209331512451,13,2.617210841694538,3.261510706020553,0.4581303519924441,2.906521953227932,3.9255442298980605,0.6206069611316174,True,success
extra_trees,central,pm25_next_day_mean,2.9058777832674574,3.999717304884292,0.606134263294563,0.5323014259338379,0.05663466453552246,57.22712993621826,13,2.6858893235387806,3.3158053459785144,0.43993908797446335,2.9058777832674574,3.999717304884292,0.606134263294563,True,success
xgboost,central,pm25_next_day_mean,3.083535330223315,4.129686073826231,0.5801214521974929,0.43839001655578613,0.00852060317993164,1.7261476516723633,9,2.757065725268316,3.4281335577006358,0.4013504295120378,3.083535330223315,4.129686073826231,0.5801214521974929,True,success
lightgbm,central,pm25_next_day_mean,3.146343375280378,4.210530293460508,0.5635211536389724,0.539431095123291,0.011531591415405273,1.344193458557129,19,2.6898984878498307,3.344927578860021,0.4300580197243321,3.146343375280378,4.210530293460508,0.5635211536389724,True,success
catboost,central,pm25_next_day_mean,2.968941086819665,4.050650342409007,0.5960392963843927,0.8907675743103027,0.00903177261352539,0.5429353713989258,5,2.6390020024959977,3.2830818492073233,0.4509389596371318,2.968941086819665,4.050650342409007,0.5960392963843927,True,success
random_forest,central,pm25_next_day_max,5.573981818181819,7.440839328267403,0.39237386543387254,0.4776439666748047,0.05608773231506348,29.7952299118042,13,5.330219780219781,6.591963034510406,0.26810511775109525,5.573981818181819,7.440839328267403,0.39237386543387254,True,success
extra_trees,central,pm25_next_day_max,5.669718181818181,7.5692377933796795,0.3712226491017073,0.4448568820953369,0.05553841590881348,49.660433769226074,13,5.356941391941391,6.627668306387035,0.2601550492245409,5.669718181818181,7.5692377933796795,0.3712226491017073,True,success
xgboost,central,pm25_next_day_max,5.855113006938588,7.829379001554447,0.32726004034808975,0.5614891052246094,0.008821487426757812,1.7770147323608398,9,5.607864881173159,7.041989029138631,0.1647627168945348,5.855113006938588,7.829379001554447,0.32726004034808975,True,success
lightgbm,central,pm25_next_day_max,6.169084487186615,8.271677635204254,0.24910399669586036,0.5939004421234131,0.009522438049316406,1.3365764617919922,19,5.510656355945237,6.8320618641273585,0.21381860107584483,6.169084487186615,8.271677635204254,0.24910399669586036,True,success
catboost,central,pm25_next_day_max,5.539408822061259,7.487674957777736,0.3847005060085883,0.9083244800567627,0.006493568420410156,0.5437211990356445,5,5.266600496713316,6.556489492740953,0.2759610617356939,5.539408822061259,7.487674957777736,0.3847005060085883,True,success
